;uddt;drytoilet;pour.flush;low.flush;tab;drainage;organic.solidwaste;urine.storagetank;dehydration.vault;single.pit;double.pit;composting.chamber;vermi.composter;septic.tank;motorized.transport.urine;humanpowered.transport.urine;motorized.transport;humanpowered.transport;conventional.sewer;solidsfree.sewer;urine.bank;struvite.production;drying.bed;sedimentation.pond;abr;sbr;activated.sludge;cocomposting;biogas.reactor;wsp;constructedwetland;application.urine;application.struvite;application.faeces;application.compost;application.sludge;biogas.combustion;leach.field;soak.pit;irrigation
functional.group;U;U;U;U;Uadd;Uadd;Uadd;S;S;S;S;S;S;S;C;C;C;C;C;C;T;T;T;T;T;T;T;T;T;T;T;D;D;D;D;D;D;D;D;D
products; -> urine, faeces; -> excreta; -> blackwater; -> blackwater;-> greywater;-> stormwater;-> organics;urine -> storedurine;faeces -> driedfaeces;faeces, excreta -> sludge;faeces, excreta -> pithumus;faeces, excreta, organics -> compost;faeces, excreta, blackwater, organics -> compost;blackwater, greywater -> sludge, effluent;urine, storedurine ;urine, storedurine;faeces, driedfaeces, excreta, pithumus, organics, sludge, stabilizedsludge;faeces, driedfaeces, excreta, pithumus, organics, sludge, stabilizedsludge;blackwater, greywater, effluent, stormwater;effluent, stormwater, secondaryeffluent;transportedurine, transportedstoredurine -> transportedstoredurine;transportedurine, transportedstoredurine -> struvite;pithumus, transportedpithumus, sludge, transportedsludge -> stabilizedsludge, effluent;transportedpithumus, transportedsludge -> stabilizedsludge, effluent;blackwater, transportedblackwater, greywater, transportedgreywater, effluent, transportedeffluent -> stabilizedsludge, effluent;sludge, transportedsludge, blackwater, transportedblackwater, greywater, transportedgreywater, effluent, transportedeffluent -> stabilizedsludge, effluent;transportedblackwater, transportedgreywater, transportedeffluent -> stabilizedsludge, effluent;pithumus, transportedpithumus, sludge, transportedsludge, organics, transportedorganics -> compost;pithumus, transportedpithumus, organics, transportedorganics, blackwater, transportedblackwater, sludge, transportedsludge -> biogas, stabilizedsludge, effluent;transportedblackwater, transportedstormwater, transportedeffluent, transportedgreywater -> sludge, secondaryeffluent;transportedblackwater, transportedstormwater, transportedeffluent, transportedgreywater -> sludge, secondaryeffluent;storedurine, transportedstoredurine -> ;struvite -> ;driedfaeces, transporteddriedfaeces -> ;compost, transportedcompost, pithumus, transportedpithumus -> ;stabilizedsludge, transportedstabilizedsludge, pithumus, transportedpithumus -> ;biogas -> ;effluent, transportedeffluent, secondaryeffluent, transportedsecondaryeffluent -> ;effluent, transportedeffluent, greywater, transportedgreywater, secondaryeffluent, transportedsecondaryeffluent -> ;effluent, transportedeffluent, secondaryeffluent, transportedsecondaryeffluent, stormwater, transportedstormwater -> 
inrel;NA;NA;NA;NA;NA;NA;NA;NA;NA;OR;OR;OR;OR;OR;OR;OR;OR;OR;OR;OR;OR;OR;OR;OR;OR;OR;OR;OR;OR;OR;OR;XOR;NA;XOR;OR;OR;NA;OR;OR;NA
outrel;AND;NA;NA;NA;NA;NA;NA;NA;NA;NA;NA;NA;NA;AND;urine > storedurine;urine > storedurine;excreta > faeces > pithumus > organics > sludge > stabilizedsludge > driedfaeces;excreta > faeces > pithumus > organics > sludge > stabilizedsludge > driedfaeces;blackwater > greywater > effluent > stormwater;effluent > stormwater > secondaryeffluent;NA;NA;AND;AND;AND;AND;AND;AND;AND;AND;AND;NA;NA;NA;NA;NA;NA;NA;NA;NA
techappscore;1;1;1;1;1;1;1;0.4;0.25;0.5;0.7;0.8;0.9;1;0.9;0.3;0.1;0.3;0.6;0.99;0.99;0.5;0.8;0.7;0.5;0.7;0.5;0.5;0.6;0.3;0.2;0.8;0.5;0.3;0.8;0.7;0.2;0.1;0.8;0.7
attr1;;;Water.supply;Water.supply;Water.supply;;;;;;;;;;;;;;;;;;;;;;;;;;;;;;;;;;;
;;;pcat;pcat;pcat;;;;;;;;;;;;;;;;;;;;;;;;;;;;;;;;;;;
;;;c(A=0.5, B=1, C=1 , D=1 );c(A=0.5, B=1, C=1 , D=1 );c(A=0, B=0, C=0.5, D=1 );;;;;;;;;;;;;;;;;;;;;;;;;;;;;;;;;;;
attr2;;;;;;;;;;;;;;;;;;;;;;;;;;Energy.supply;Energy.supply;;;;;;;;;;;;;
;;;;;;;;;;;;;;;;;;;;;;;;;;ptriangle;ptriangle;;;;;;;;;;;;;
;;;;;;;;;;;;;;;;;;;;;;;;;;a=0,b=24,c=24;a=0,b=24,c=24;;;;;;;;;;;;;
attr3;;;Water.supply.disruption;Water.supply.disruption;Water.supply.disruption;;;;;;;;;;;;;;;;;;;;;;;;;;;;;;;;;;;
;;;ptriangle;ptriangle;ptriangle;;;;;;;;;;;;;;;;;;;;;;;;;;;;;;;;;;;
;;;a=0,b=24,c=0;a=0,b=24,c=0;a=0,b=24,c=0;;;;;;;;;;;;;;;;;;;;;;;;;;;;;;;;;;;
attr4;;;;;;;;;;;;;;;;;;;;;;;;;;power.supply.disruption;power.supply.disruption;;;;;;;;;;;;;
;;;;;;;;;;;;;;;;;;;;;;;;;;ptriangle;ptriangle;;;;;;;;;;;;;
;;;;;;;;;;;;;;;;;;;;;;;;;;a=0,b=24,c=0;a=0,b=24,c=0;;;;;;;;;;;;;
attr5;Frequency.of.O&M;Frequency.of.O&M;Frequency.of.O&M;Frequency.of.O&M;Frequency.of.O&M;Frequency.of.O&M;Frequency.of.O&M;Frequency.of.O&M;Frequency.of.O&M;Frequency.of.O&M;Frequency.of.O&M;Frequency.of.O&M;Frequency.of.O&M;Frequency.of.O&M;Frequency.of.O&M;Frequency.of.O&M;Frequency.of.O&M;Frequency.of.O&M;Frequency.of.O&M;Frequency.of.O&M;Frequency.of.O&M;Frequency.of.O&M;Frequency.of.O&M;Frequency.of.O&M;Frequency.of.O&M;Frequency.of.O&M;Frequency.of.O&M;Frequency.of.O&M;Frequency.of.O&M;Frequency.of.O&M;Frequency.of.O&M;Frequency.of.O&M;Frequency.of.O&M;Frequency.of.O&M;Frequency.of.O&M;Frequency.of.O&M;Frequency.of.O&M;Frequency.of.O&M;Frequency.of.O&M;Frequency.of.O&M
;dtriangle;dtriangle;dtriangle;dtriangle;drange;drange;drange;drange;drange;drange;drange;drange;drange;drange;dtriangle;dtriangle;dtriangle;dtriangle;dtriangle;dtriangle;drange;drange;drange;drange;drange;drange;drange;drange;drange;drange;drange;drange;drange;drange;drange;drange;drange;drange;drange;drange
;a=0, b=2, c=1;a=0, b=2, c=1;a=0, b=2, c=1;a=0, b=2, c=1;lower=0,upper=1;lower=0,upper=1;lower=0,upper=1;lower=0,upper=1;lower=0,upper=1;lower=0,upper=1;lower=0,upper=1;lower=0,upper=2;lower=0,upper=2;lower=0,upper=1;a=0,b=2,c=1;a=0,b=2,c=1;a=0,b=2,c=1;a=0,b=2,c=1;a=0,b=2,c=1;a=0,b=2,c=1;lower=0,upper=1;lower=1,upper=2;lower=1,upper=3;lower=0,upper=1;lower=1,upper=2;lower=1,upper=2;lower=1,upper=2;lower=1,upper=2;lower=0,upper=3;lower=1,upper=2;lower=0,upper=1;lower=1,upper=2;lower=1,upper=2;lower=1,upper=2;lower=1,upper=2;lower=1,upper=2;lower=0,upper=1;lower=1,upper=4;lower=1,upper=4;lower=1,upper=2
attr6;Temperature.range;Temperature.range;Temperature.range;Temperature.range;Temperature.range;Temperature.range;Temperature.range;Temperature.range;Temperature.range;Temperature.range;Temperature.range;Temperature.range;Temperature.range;Temperature.range;Temperature.range;Temperature.range;Temperature.range;Temperature.range;Temperature.range;Temperature.range;Temperature.range;Temperature.range;Temperature.range;Temperature.range;Temperature.range;Temperature.range;Temperature.range;Temperature.range;Temperature.range;Temperature.range;Temperature.range;Temperature.range;Temperature.range;Temperature.range;Temperature.range;Temperature.range;Temperature.range;Temperature.range;Temperature.range;Temperature.range
;prange;prange;prange;prange;prange;prange;prange;ptrapez;ptrapez;ptrapez;ptrapez;ptrapez;ptriangle;ptrapez;prange;prange;prange;prange;prange;prange;prange;ptrapez;ptrapez;prange;ptrapez;ptrapez;ptrapez;ptrapez;ptrapez;ptrapez;ptrapez;ptrapez;ptrapez;ptrapez;ptrapez;ptrapez;prange;ptrapez;ptrapez;ptrapez
;lower=-10,upper=50;lower=-10,upper=50;lower=-5,upper=50;lower=-5,upper=50;lower=-5,upper=50;lower=-5,upper=50;lower=-5,upper=50;a=2,b=20,c=50,d=50;a=10,b=20,c=50,d=50;a=10,b=20,c=50,d=50;a=10,b=20,c=50,d=50;a=10,b=20,c=50,d=50;a=0,b=30,c=20;a=-5,b=15,c=50,d=50;lower=-20,upper=50;lower=-20,upper=50;lower=-20,upper=50;lower=-20,upper=50;lower=-10,upper=50;lower=-10,upper=50;lower=4,upper=50;a=0,b=15,c=30,d=50;a=5,b=15,c=50,d=50;lower=5,upper=50;a=5,b=15,c=35,d=50;a=-5,b=10,c=40,d=50;a=-5,b=10,c=40,d=50;a=10,b=20,c=50,d=50;a=15,b=30,c=40,d=50;a=0,b=15,c=50,d=50;a=-5,b=10,c=30,d=50;a=-5,b=5,c=30,d=40;a=-5,b=5,c=30,d=40;a=-5,b=5,c=30,d=40;a=-5,b=5,c=30,d=40;a=-5,b=5,c=30,d=40;lower=-20,upper=50;a=-10,b=0,c=50,d=50;a=-10,b=0,c=50,d=50;a=0,b=5,c=50,d=50
attr7;Flooding;Flooding;Flooding;Flooding;;Flooding;;;;;;;;;;;;;Flooding;Flooding;;;Flooding;Flooding;Flooding;Flooding;Flooding;Flooding;;Flooding;Flooding;;;;;;;;Flooding;
;ptriangle;ptrapez;ptriangle;ptriangle;;ptriangle;;;;;;;;;;;;;ptriangle;ptriangle;;;ptriangle;ptriangle;ptriangle;ptriangle;ptriangle;ptriangle;;ptriangle;ptriangle;;;;;;;;ptriangle;
;a=0,b=365,c=0;a=0,b=0,c=20,d=50;a=0,b=365,c=0;a=0,b=365,c=0;;a=0,b=365,c=0;;;;;;;;;;;;;a=0,b=365,c=0;a=0,b=365,c=0;;;a=0,b=365,c=0;a=0,b=365,c=0;a=0,b=365,c=0;a=0,b=365,c=0;a=0,b=365,c=0;a=0,b=365,c=0;;a=0,b=365,c=0;a=0,b=365,c=0;;;;;;;;a=0,b=365,c=0;
attr8;;;;;;;Vehicular.access ;Vehicular.access ;Vehicular.access ;Vehicular.access ;Vehicular.access ;Vehicular.access ;Vehicular.access ;Vehicular.access ;Vehicular.access ;Vehicular.access ;Vehicular.access ;Vehicular.access ;Vehicular.access ;Vehicular.access ;Vehicular.access ;Vehicular.access ;Vehicular.access ;Vehicular.access ;Vehicular.access ;Vehicular.access ;Vehicular.access ;Vehicular.access ;Vehicular.access ;Vehicular.access ;Vehicular.access ;;;;;;;;;
;;;;;;;ptrapez;ptrapez;ptrapez;ptrapez;ptrapez;ptrapez;ptrapez;ptrapez;prange;ptrapez;prange;ptrapez;ptrapez;ptrapez;ptrapez;ptrapez;ptrapez;ptrapez;ptrapez;ptrapez;ptrapez;ptrapez;ptrapez;ptrapez;ptrapez;;;;;;;;;
;;;;;;;a=1,b=3,c=100,d=100;a=1,b=3,c=100,d=100;a=1,b=3,c=100,d=100;a=1,b=3,c=100,d=100;a=1,b=3,c=100,d=100;a=1,b=3,c=100,d=100;a=1,b=3,c=100,d=100;a=1,b=3,c=100,d=100;lower=3,upper=100;a=0,b=1,c=100,d=100;lower=3,upper=100;a=0,b=1,c=100,d=100;a=1,b=4,c=100,d=100;a=1,b=3,c=100,d=100;a=1,b=3,c=100,d=100;a=1,b=3,c=100,d=100;a=1,b=3,c=100,d=100;a=1,b=3,c=100,d=100;a=1,b=3,c=100,d=100;a=1,b=3,c=100,d=100;a=1,b=3,c=100,d=100;a=1,b=3,c=100,d=100;a=1,b=3,c=100,d=100;a=1,b=3,c=100,d=100;a=1,b=3,c=100,d=100;;;;;;;;;
attr9;;;;;;Slope;;;;;;;;;Slope;Slope;Slope;Slope;Slope;Slope;;;Slope;Slope;Slope;Slope;Slope;Slope;Slope;Slope;Slope;;;;;;;Slope;Slope;Slope
;;;;;;ptrapez;;;;;;;;;ptrapez;ptrapez;ptrapez;ptrapez;ptrapez;ptrapez;;;ptriangle;ptriangle;ptrapez;ptrapez;ptrapez;ptrapez;ptrapez;ptrapez;ptrapez;;;;;;;ptrapez;ptrapez;ptrapez
;;;;;;a=0,b=1,c=50,d=100;;;;;;;;;a=0,b=0,c=20,d=35;a=0,b=0,c=50,d=100;a=0,b=0,c=20,d=35;a=0,b=0,c=50,d=100;a=0.05,b=0.4,c=100,d=100;a=0.01,b=0.05,c=100,d=100;;;a=0,b=100,c=0;a=0,b=200,c=0;a=0,b=0,c=50,d=100;a=0,b=0,c=50,d=100;a=0,b=0,c=50,d=100;a=0,b=0,c=50,d=100;a=0,b=0,c=50,d=100;a=0,b=0,c=20,d=100;a=0,b=0,c=10,d=100;;;;;;;a=0,b=0,c=50,d=100;a=0,b=0,c=100,d=200;a=0,b=0,c=100,d=200
attr10;;;;;;;;;;Soil.type/hydraulic.conductivity;Soil.type/hydraulic.conductivity;;;;;;;;;;;;;;;;;;;;;;;;;;;Soil.type/hydraulic.conductivity;Soil.type/hydraulic.conductivity;
;;;;;;;;;;pcat;pcat;;;;;;;;;;;;;;;;;;;;;;;;;;;pcat;pcat;
;;;;;;;;;;c(clay=0.5,silt=1,sand=1,gravel=0.5);c(clay=0.5,silt=1,sand=1,gravel=0.5);;;;;;;;;;;;;;;;;;;;;;;;;;;c(clay=0,silt=0.5,sand=1,gravel=1);c(clay=0,silt=0.5,sand=1,gravel=1);
attr11;;;;;;Groundwater.depth;;;;Groundwater.depth;Groundwater.depth;;;;;;;;Groundwater.depth;Groundwater.depth;;;Groundwater.depth;;;;;;;;Groundwater.depth;;;;;;;Groundwater.depth;Groundwater.depth;
;;;;;;prange;;;;ptrapez;ptrapez;;;;;;;;ptrapez;ptrapez;;;prange;;;;;;;;prange;;;;;;;prange;ptrapez;
;;;;;;lower=2,upper=100;;;;a=4,b=8,c=100,d=100;a=4,b=8,c=100,d=100;;;;;;;;a=3,b=7,c=100,d=100;a=1,b=3,c=100,d=100;;;lower=2,upper=100;;;;;;;;lower=2,upper=100;;;;;;;lower=3,upper=100;a=3.5,b=6,c=100,d=100;
attr12;;;;;;Excavation;;;;Excavation;Excavation;;;;;;;;Excavation;Excavation;;;Excavation;;;;;;;;;;;;;;;Excavation;Excavation;
;;;;;;pcat;;;;pcat;pcat;;;;;;;;pcat;pcat;;;pcat;;;;;;;;;;;;;;;pcat;pcat;
;;;;;;c(easy=1,hard=0.5);;;;c(easy=1,hard=0.5);c(easy=1,hard=0.5);;;;;;;;c(easy=1,hard=0.5);c(easy=1,hard=0.8);;;c(easy=1,hard=0.8);;;;;;;;;;;;;;;c(easy=1,hard=0.5);c(easy=1,hard=0.5);
attr13;Population.density ;Population.density ;;;;;;Population.density ;Population.density ;Population.density ;Population.density ;Population.density ;Population.density ;Population.density ;;;;;;Population.density ;;;;;;;;;;;;;;;;;;;;
;prange;prange;;;;;;prange;prange;prange;prange;prange;prange;prange;;;;;;prange;;;;;;;;;;;;;;;;;;;;
;lower=0,upper=10000;lower=0,upper=10000;;;;;;lower=0,upper=40000;lower=0,upper=10000;lower=0,upper=10000;lower=0,upper=20000;lower=0,upper=20000;lower=0,upper=20000;lower=0,upper=30000;;;;;;lower=0,upper=30000;;;;;;;;;;;;;;;;;;;;
attr14;Construction.skills ;Construction.skills ;Construction.skills ;Construction.skills ;Construction.skills ;Construction.skills ;;Construction.skills ;Construction.skills ;Construction.skills ;Construction.skills ;Construction.skills ;Construction.skills ;Construction.skills ;;;;;Construction.skills ;Construction.skills ;Construction.skills ;Construction.skills ;Construction.skills ;Construction.skills ;Construction.skills ;Construction.skills ;Construction.skills ;Construction.skills ;Construction.skills ;Construction.skills ;Construction.skills ;Construction.skills ;Construction.skills ;Construction.skills ;Construction.skills ;Construction.skills ;Construction.skills ;Construction.skills ;Construction.skills ;
;dtriangle;dtriangle;dtriangle;dtriangle;dtriangle;dtriangle;;dtriangle;dtriangle;dtriangle;dtriangle;dtriangle;dtriangle;dtriangle;;;;;drange;drange;dtriangle;dtriangle;dtriangle;dtriangle;dtriangle;dtriangle;dtriangle;dtriangle;dtriangle;dtriangle;dtriangle;dtriangle;dtriangle;dtriangle;dtriangle;dtriangle;dtriangle;dtriangle;dtriangle;
;a=2,b=4,c=3;a=1,b=3,c=2;a=1,b=3,c=2;a=1,b=3,c=2;a=2,b=4,c=3;a=1,b=3,c=2;;a=1,b=3,c=2;a=1,b=3,c=2;a=0,b=2,c=1;a=0,b=2,c=1;a=1,b=3,c=2;a=1,b=3,c=2;a=1,b=3,c=2;;;;;lower=3,upper=5;lower=3,upper=5;a=0,b=2,c=1;a=2,b=4,c=3;a=1,b=3,c=2;a=1,b=3,c=2;a=2,b=4,c=3;a=3,b=5,c=4;a=1,b=3,c=2;a=1,b=3,c=2;a=2,b=4,c=3;a=1,b=3,c=2;a=1,b=3,c=2;a=1,b=3,c=2;a=0,b=2,c=1;a=0,b=2,c=1;a=0,b=2,c=1;a=0,b=2,c=1;a=2,b=4,c=3;a=2,b=4,c=3;a=1,b=3,c=2;
attr15;Design.skills ;Design.skills ;Design.skills ;Design.skills ;Design.skills ;Design.skills ;;Design.skills ;Design.skills ;Design.skills ;Design.skills ;Design.skills ;Design.skills ;Design.skills ;;;;;Design.skills ;Design.skills ;Design.skills ;Design.skills ;Design.skills ;Design.skills ;Design.skills ;Design.skills ;Design.skills ;Design.skills ;Design.skills ;Design.skills ;Design.skills ;Design.skills ;Design.skills ;Design.skills ;Design.skills ;Design.skills ;Design.skills ;Design.skills ;Design.skills ;Design.skills 
;dtriangle;dtriangle;dtriangle;dtriangle;dtriangle;dtriangle;;dtriangle;dtriangle;dtriangle;dtriangle;dtriangle;dtriangle;dtriangle;;;;;dtriangle;dtriangle;dtriangle;dtriangle;dtriangle;dtriangle;dtriangle;dtriangle;dtriangle;dtriangle;dtriangle;dtriangle;dtriangle;dtriangle;dtriangle;dtriangle;dtriangle;dtriangle;dtriangle;dtriangle;dtriangle;dtriangle
;a=2,b=4,c=3;a=2,b=4,c=3;a=2,b=4,c=3;a=2,b=4,c=3;a=4,b=6,c=5;a=4,b=6,c=5;;a=1,b=3,c=2;a=2,b=4,c=3;a=2,b=4,c=3;a=2,b=4,c=3;a=2,b=4,c=3;a=2,b=4,c=3;a=2,b=4,c=3;;;;;a=4,b=6,c=5;a=4,b=6,c=5;a=1,b=3,c=2;a=3,b=5,c=4;a=3,b=5,c=4;a=2,b=4,c=3;a=3,b=5,c=4;a=4,b=6,c=5;a=3,b=5,c=4;a=3,b=5,c=4;a=3,b=5,c=4;a=3,b=5,c=4;a=3,b=5,c=4;a=2,b=4,c=3;a=2,b=4,c=3;a=2,b=4,c=3;a=2,b=4,c=3;a=2,b=4,c=3;a=2,b=4,c=3;a=3,b=5,c=4;a=3,b=5,c=4;a=4,b=6,c=5
attr16;O&M.skills;O&M.skills;O&M.skills;O&M.skills;O&M.skills;O&M.skills;;O&M.skills;O&M.skills;O&M.skills;O&M.skills;O&M.skills;O&M.skills;O&M.skills;O&M.skills;O&M.skills;O&M.skills;O&M.skills;O&M.skills;O&M.skills;O&M.skills;O&M.skills;O&M.skills;O&M.skills;O&M.skills;O&M.skills;O&M.skills;O&M.skills;O&M.skills;O&M.skills;O&M.skills;O&M.skills;O&M.skills;O&M.skills;O&M.skills;O&M.skills;O&M.skills;O&M.skills;O&M.skills;O&M.skills
;dtriangle;dtriangle;dtriangle;dtriangle;dtriangle;dtriangle;;dtriangle;dtriangle;dtriangle;dtriangle;dtriangle;dtriangle;dtriangle;dtriangle;dtriangle;dtriangle;dtriangle;drange;drange;dtriangle;dtriangle;dtriangle;dtriangle;dtriangle;dtriangle;dtriangle;dtriangle;dtriangle;dtriangle;dtriangle;dtriangle;dtriangle;dtriangle;dtriangle;dtriangle;dtriangle;dtriangle;dtriangle;dtriangle
;a=1,b=3,c=2;a=1,b=3,c=2;a=1,b=3,c=2;a=1,b=3,c=2;a=2,b=4,c=3;a=2,b=4,c=3;;a=1,b=3,c=2;a=1,b=3,c=2;a=1,b=3,c=2;a=1,b=3,c=2;a=2,b=4,c=3;a=2,b=4,c=3;a=2,b=4,c=3;a=2,b=4,c=3;a=1,b=3,c=2;a=2,b=4,c=3;a=1,b=3,c=2;lower=3,upper=7;lower=3,upper=5;a=1,b=3,c=2;a=2,b=4,c=3;a=2,b=4,c=3;a=2,b=4,c=3;a=2,b=4,c=3;a=2,b=4,c=3;a=2,b=4,c=3;a=2,b=4,c=3;a=2,b=4,c=3;a=2,b=5,c=3;a=1,b=4,c=3;a=2,b=4,c=3;a=2,b=4,c=3;a=2,b=4,c=3;a=2,b=4,c=3;a=2,b=4,c=3;a=1,b=3,c=2;a=2,b=4,c=3;a=2,b=4,c=3;a=2,b=4,c=3
attr17;Management;Management;Management;Management;Management;Management;Management;Management;Management;Management;Management;Management;Management;Management;Management;Management;Management;Management;Management;Management;Management;Management;Management;Management;Management;Management;Management;Management;Management;Management;Management;Management;Management;Management;Management;Management;Management;Management;Management;Management
;pcat;pcat;pcat;pcat;pcat;pcat;pcat;pcat;pcat;pcat;pcat;pcat;pcat;pcat;pcat;pcat;pcat;pcat;pcat;pcat;pcat;pcat;pcat;pcat;pcat;pcat;pcat;pcat;pcat;pcat;pcat;pcat;pcat;pcat;pcat;pcat;pcat;pcat;pcat;pcat
;c(household=1,shared=0.7,public=0.5);c(household=1,shared=0.7,public=0.5);c(household=1,shared=0.7,public=0.5);c(household=1,shared=0.7,public=0.5);c(household=0,shared=0.5,public=1);c(household=0,shared=0.5,public=1);c(household=1,shared=1,public=0.5);c(household=1,shared=1,public=1);c(household=1,shared=1,public=0.5);c(household=1,shared=1,public=0);c(household=1,shared=1,public=0.5);c(household=1,shared=1,public=0.5);c(household=1,shared=1,public=0.5);c(household=1,shared=1,public=1);c(household=0,shared=0.5,public=1);c(household=1,shared=1,public=1);c(household=0,shared=0.5,public=1);c(household=1,shared=1,public=1);c(household=0,shared=0,public=1);c(household=0.5,shared=1,public=1);c(household=1,shared=1,public=1);c(household=1,shared=1,public=0.5);c(household=0,shared=0,public=1);c(household=0,shared=0,public=1);c(household=0.5,shared=1,public=1);c(household=0,shared=0,public=1);c(household=0,shared=0,public=1);c(household=0,shared=0.5,public=1);c(household=1,shared=1,public=1);c(household=0,shared=0.5,public=1);c(household=0.5,shared=1,public=1);c(household=1,shared=1,public=1);c(household=1,shared=1,public=1);c(household=1,shared=1,public=0.5);c(household=1,shared=1,public=0.5);c(household=1,shared=1,public=1);c(household=1,shared=1,public=1);c(household=1,shared=1,public=0.5);c(household=1,shared=1,public=0);c(household=1,shared=1,public=1)
attr18;;;;;Pipe.supply;;;;;;;;;;;;;;Pipe.supply;Pipe.supply;;;;;;;;;;;;;;;;;;Pipe.supply;;
;;;;;dtrapez;;;;;;;;;;;;;;drange;drange;;;;;;;;;;;;;;;;;;drange;;
;;;;;a=1,b=1,c=5,d=20;;;;;;;;;;;;;;lower=7,upper=60;lower=7.5,upper=100;;;;;;;;;;;;;;;;;;lower=5,upper=20;;
attr19;;;;;;;;;;;;;;;;;;;;;;;;;;;;;;;;;;;;;;;;
;;;;;;;;;;;;;;;;;;;;;;;;;;;;;;;;;;;;;;;;
;;;;;;;;;;;;;;;;;;;;;;;;;;;;;;;;;;;;;;;;
attr20;Concrete.supply;Concrete.supply;Concrete.supply;Concrete.supply;;;;Concrete.supply;Concrete.supply;;;Concrete.supply;Concrete.supply;Concrete.supply;;;;;Concrete.supply;Concrete.supply;Concrete.supply;Concrete.supply;Concrete.supply;Concrete.supply;Concrete.supply;Concrete.supply;Concrete.supply;;Concrete.supply;Concrete.supply;Concrete.supply;;;;;;Concrete.supply;Concrete.supply;Concrete.supply;
;pcat;pcat;pcat;pcat;;;;pcat;pcat;;;pcat;pcat;pcat;;;;;pcat;pcat;pcat;pcat;pcat;pcat;pcat;pcat;pcat;;pcat;pcat;pcat;;;;;;pcat;pcat;pcat;
;c(easy=1,medium=1,hard=0.5);c(easy=1,medium=1,hard=0.5);c(easy=1,medium=1,hard=0.5);c(easy=1,medium=1,hard=0.5);;;;c(easy=1,medium=1,hard=0.5);c(easy=1,medium=1,hard=0.5);;;c(easy=1,medium=1,hard=0.5);c(easy=1,medium=1,hard=0.5);c(easy=1,medium=1,hard=0.5);;;;;c(easy=1,medium=0.6,hard=0.2);c(easy=1,medium=0.8,hard=0.5);c(easy=1,medium=1,hard=0.5);c(easy=1,medium=1,hard=0.5);c(easy=1,medium=1,hard=0.5);c(easy=1,medium=1,hard=0.5);c(easy=1,medium=1,hard=0.5);c(easy=1,medium=1,hard=0.5);c(easy=1,medium=1,hard=0.5);;c(easy=1,medium=1,hard=0.5);c(easy=1,medium=1,hard=0.5);c(easy=1,medium=1,hard=0.5);;;;;;c(easy=1,medium=1,hard=0.5);c(easy=1,medium=1,hard=0.5);c(easy=1,medium=1,hard=0.5);
attr21;Spare.parts.supply;Spare.parts.supply;Spare.parts.supply;Spare.parts.supply;Spare.parts.supply;Spare.parts.supply;;Spare.parts.supply;Spare.parts.supply;Spare.parts.supply;Spare.parts.supply;Spare.parts.supply;Spare.parts.supply;Spare.parts.supply;Spare.parts.supply;Spare.parts.supply;Spare.parts.supply;Spare.parts.supply;Spare.parts.supply;Spare.parts.supply;Spare.parts.supply;Spare.parts.supply;Spare.parts.supply;Spare.parts.supply;Spare.parts.supply;Spare.parts.supply;Spare.parts.supply;Spare.parts.supply;Spare.parts.supply;Spare.parts.supply;Spare.parts.supply;Spare.parts.supply;Spare.parts.supply;Spare.parts.supply;Spare.parts.supply;Spare.parts.supply;Spare.parts.supply;Spare.parts.supply;Spare.parts.supply;Spare.parts.supply
;dcat;dcat;dcat;dcat;dcat;dcat;;dcat;dcat;dcat;dcat;dcat;dcat;dcat;dcat;dcat;dcat;dcat;dcat;dcat;dcat;dcat;dcat;dcat;dcat;dcat;dcat;dcat;dcat;dcat;dcat;dcat;dcat;dcat;dcat;dcat;dcat;dcat;dcat;dcat
;c(low.tech=0.5, technical.parts=0.5 , specially.manufactured=0);c(low.tech=0.5, technical.parts=0.5 , specially.manufactured=0);c(low.tech=0.5, technical.parts=0.5 , specially.manufactured=0);c(low.tech=0.5, technical.parts=0.5 , specially.manufactured=0);c(low.tech=1, technical.parts=0 , specially.manufactured=0);c(low.tech=1, technical.parts=0 , specially.manufactured=0);;c(low.tech=1, technical.parts=0 , specially.manufactured=0);c(low.tech=1, technical.parts=0 , specially.manufactured=0);c(low.tech=1, technical.parts=0 , specially.manufactured=0);c(low.tech=1, technical.parts=0 , specially.manufactured=0);c(low.tech=1, technical.parts=0 , specially.manufactured=0);c(low.tech=1, technical.parts=0 , specially.manufactured=0);c(low.tech=1, technical.parts=0 , specially.manufactured=0);c(low.tech=0.5, technical.parts=0.5 , specially.manufactured=0);c(low.tech=1, technical.parts=0 , specially.manufactured=0);c(low.tech=0.5, technical.parts=0.5 , specially.manufactured=0);c(low.tech=1, technical.parts=0 , specially.manufactured=0);c(low.tech=1, technical.parts=0 , specially.manufactured=0);c(low.tech=1, technical.parts=0 , specially.manufactured=0);c(low.tech=1, technical.parts=0 , specially.manufactured=0);c(low.tech=1, technical.parts=0 , specially.manufactured=0);c(low.tech=1, technical.parts=0 , specially.manufactured=0);c(low.tech=1, technical.parts=0 , specially.manufactured=0);c(low.tech=1, technical.parts=0 , specially.manufactured=0);c(low.tech=0.5, technical.parts=0.4, specially.manufactured=0.1);c(low.tech=0.5, technical.parts=0.4, specially.manufactured=0.1);c(low.tech=1, technical.parts=0 , specially.manufactured=0);c(low.tech=0.5, technical.parts=0.5 , specially.manufactured=0);c(low.tech=1, technical.parts=0 , specially.manufactured=0);c(low.tech=1, technical.parts=0 , specially.manufactured=0);c(low.tech=1, technical.parts=0 , specially.manufactured=0);c(low.tech=1, technical.parts=0 , specially.manufactured=0);c(low.tech=1, technical.parts=0 , specially.manufactured=0);c(low.tech=1, technical.parts=0 , specially.manufactured=0);c(low.tech=1, technical.parts=0 , specially.manufactured=0);c(low.tech=0.8, technical.parts=0.2 , specially.manufactured=0);c(low.tech=0.9, technical.parts=0.1 , specially.manufactured=0);c(low.tech=1, technical.parts=0 , specially.manufactured=0);c(low.tech=1, technical.parts=0 , specially.manufactured=0)
attr22;Surface.area;Surface.area;Surface.area;Surface.area;;Surface.area;Surface.area;Surface.area;Surface.area;Surface.area;Surface.area;Surface.area;Surface.area;Surface.area;;;;;;;Surface.area;Surface.area;Surface.area;Surface.area;Surface.area;Surface.area;Surface.area;Surface.area;Surface.area;Surface.area;Surface.area;Surface.area;Surface.area;Surface.area;Surface.area;Surface.area;Surface.area;Surface.area;Surface.area;Surface.area
;prange;prange;prange;prange;;prange;prange;ptrapez;ptrapez;ptrapez;ptrapez;ptrapez;ptrapez;ptrapez;;;;;;;ptrapez;ptrapez;prange;prange;prange;prange;prange;prange;prange;prange;prange;prange;prange;prange;prange;prange;prange;prange;prange;prange
;lower=1,upper=10000;lower=1,upper=10000;lower=1,upper=10000;lower=1,upper=10000;;lower=1,upper=10000;lower=0.2,upper=10000;a=1,b=3,c=10000,d=10000;a=1,b=3,c=10000,d=10000;a=1,b=3,c=10000,d=10000;a=1.5,b=3,c=10000,d=10000;a=1.5,b=3,c=10000,d=10000;a=1.5,b=3,c=10000,d=10000;a=1,b=3,c=10000,d=10000;;;;;;;a=0.1778,b=1.717,c=10000,d=10000;a=0.2,b=0.5,c=10000,d=10000;lower=0.4,upper=10000;lower=0.4,upper=10000;lower=0.5,upper=10000;lower=2,upper=10000;lower=2,upper=10000;lower=0.3,upper=10000;lower=0.3,upper=10000;lower=0.4,upper=10000;lower=0.4,upper=10000;lower=0.5,upper=10000;lower=0.5,upper=10000;lower=0.5,upper=10000;lower=0.5,upper=10000;lower=0.5,upper=10000;lower=0.2,upper=10000;lower=0.5,upper=10000;lower=0.5,upper=10000;lower=5,upper=10000
attr23;;;;;;Potential.to.accommodate.for.changing.water.volumes;;;;;;;;;;;;;Potential.to.accommodate.for.changing.water.volumes;Potential.to.accommodate.for.changing.water.volumes;;;Potential.to.accommodate.for.changing.water.volumes;Potential.to.accommodate.for.changing.water.volumes;Potential.to.accommodate.for.changing.water.volumes;Potential.to.accommodate.for.changing.water.volumes;Potential.to.accommodate.for.changing.water.volumes;;Potential.to.accommodate.for.changing.water.volumes;Potential.to.accommodate.for.changing.water.volumes;Potential.to.accommodate.for.changing.water.volumes;;;;;;;Potential.to.accommodate.for.changing.water.volumes;Potential.to.accommodate.for.changing.water.volumes;
;;;;;;prange;;;;;;;;;;;;;prange;prange;;;prange;ptrapez;ptrapez;ptrapez;ptrapez;;ptrapez;ptrapez;ptrapez;;;;;;;ptrapez;ptrapez;
;;;;;;lower=-100,upper=200;;;;;;;;;;;;;lower=-100,upper=200;lower=-100,upper=200;;;lower=-100,upper=200;a=-100,b=-50,c=50,d=100;a=-100,b=-50,c=50,d=100;a=-100,b=-50,c=50,d=100;a=-100,b=-50,c=50,d=100;;a=-100,b=-50,c=50,d=100;a=-100,b=-50,c=50,d=100;a=-100,b=-50,c=50,d=100;;;;;;;a=-100,b=-50,c=50,d=100;a=-100,b=-50,c=50,d=100;
attr24;;;;;;;;;;;;;;;;;;;;;Potential.to.accommodate.for.changing.pollution.load;Potential.to.accommodate.for.changing.pollution.load;Potential.to.accommodate.for.changing.pollution.load;Potential.to.accommodate.for.changing.pollution.load;Potential.to.accommodate.for.changing.pollution.load;Potential.to.accommodate.for.changing.pollution.load;Potential.to.accommodate.for.changing.pollution.load;Potential.to.accommodate.for.changing.pollution.load;Potential.to.accommodate.for.changing.pollution.load;Potential.to.accommodate.for.changing.pollution.load;Potential.to.accommodate.for.changing.pollution.load;Potential.to.accommodate.for.changing.pollution.load;Potential.to.accommodate.for.changing.pollution.load;Potential.to.accommodate.for.changing.pollution.load;Potential.to.accommodate.for.changing.pollution.load;Potential.to.accommodate.for.changing.pollution.load;;Potential.to.accommodate.for.changing.pollution.load;Potential.to.accommodate.for.changing.pollution.load;
;;;;;;;;;;;;;;;;;;;;;prange;prange;prange;prange;ptrapez;ptrapez;ptrapez;prange;prange;prange;ptrapez;prange;prange;prange;prange;prange;;ptrapez;ptrapez;
;;;;;;;;;;;;;;;;;;;;;lower=-100,upper=200;lower=-100,upper=200;lower=-100,upper=200;lower=-100,upper=200;a=-100,b=-50,c=50,d=100;a=-100,b=-50,c=50,d=100;a=-100,b=-50,c=50,d=100;lower=-100,upper=200;lower=-100,upper=200;lower=-100,upper=200;a=-100,b=-50,c=50,d=100;lower=-100,upper=200;lower=-100,upper=200;lower=-100,upper=200;lower=-100,upper=200;lower=-100,upper=200;;a=-100,b=-50,c=50,d=100;a=-100,b=-50,c=50,d=100;
attr25;User.awareness.requirements(misuse);User.awareness.requirements(misuse);User.awareness.requirements(misuse);User.awareness.requirements(misuse);User.awareness.requirements(misuse);User.awareness.requirements(misuse);User.awareness.requirements(misuse);;;;;;;;;;;;;;;;;;;;;;;;;;;;;;User.awareness.requirements(misuse);;;
;ptrapez;ptrapez;ptrapez;ptrapez;ptrapez;ptrapez;ptrapez;;;;;;;;;;;;;;;;;;;;;;;;;;;;;;ptrapez;;;
;a=1,b=1,c=2,d=5;a=1,b=1,c=4,d=5;a=1,b=1,c=3,d=5;a=1,b=1,c=3,d=5;a=1,b=1,c=5,d=6;a=1,b=1,c=4,d=6;a=1,b=1,c=4,d=6;;;;;;;;;;;;;;;;;;;;;;;;;;;;;;a=1,b=1,c=2,d=6;;;
attr26;Cleansing.method;Cleansing.method;Cleansing.method;Cleansing.method;;;;;;;;Cleansing.method;Cleansing.method;;;;;;;;;;;;;;;;;;;;;;;;;;;
;pcat;pcat;pcat;pcat;;;;;;;;pcat;pcat;;;;;;;;;;;;;;;;;;;;;;;;;;;
;c(water=1,soft=1);c(water=1,soft=1);c(water=1,soft=1);c(water=1,soft=1);;;;;;;;c(water=0.3,soft=1);c(water=0.3,soft=1);;;;;;;;;;;;;;;;;;;;;;;;;;;
attr27;Odor;Odor;Odor;Odor;;Odor;Odor;Odor;Odor;Odor;Odor;Odor;Odor;Odor;;;;;Odor;Odor;Odor;Odor;Odor;Odor;Odor;Odor;Odor;Odor;Odor;Odor;Odor;Odor;Odor;Odor;Odor;Odor;;Odor;Odor;Odor
;dtriangle;dtriangle;dtriangle;dtriangle;;dtriangle;dtriangle;dtriangle;dtriangle;dtriangle;dtriangle;dtriangle;dtriangle;dtriangle;;;;;dtriangle;dtriangle;dtriangle;dtriangle;dtriangle;dtriangle;dtriangle;dtriangle;dtriangle;dtriangle;dtriangle;dtriangle;dtriangle;dtriangle;dtriangle;dtriangle;dtriangle;dtriangle;;dtriangle;dtriangle;dtriangle
;a=2,b=5,c=3;a=2,b=5,c=3;a=1,b=5,c=3;a=1,b=5,c=3;;a=1,b=5,c=1;a=1,b=5,c=3;a=0,b=5,c=3;a=1,b=4,c=1;a=3,b=5,c=4;a=3,b=5,c=4;a=2,b=5,c=3;a=2,b=5,c=3;a=1,b=3,c=2;;;;;a=1,b=3,c=1;a=1,b=3,c=1;a=1,b=5,c=1;a=1,b=5,c=1;a=2,b=5,c=2;a=1,b=5,c=2;a=1,b=3,c=1;a=1,b=4,c=1;a=1,b=4,c=1;a=1,b=4,c=2;a=1,b=3,c=1;a=1,b=5,c=2;a=1,b=4,c=2;a=1,b=3,c=1;a=1,b=3,c=1;a=1,b=3,c=1;a=1,b=3,c=1;a=1,b=4,c=1;;a=1,b=3,c=1;a=1,b=3,c=1;a=1,b=3,c=1
attr22;Surface.area.onsite;Surface.area.onsite;Surface.area.onsite;Surface.area.onsite;;Surface.area.onsite;Surface.area.onsite;Surface.area.onsite;Surface.area.onsite;Surface.area.onsite;Surface.area.onsite;Surface.area.onsite;Surface.area.onsite;Surface.area.onsite;;;;;;;;;;;;;;;Surface.area.onsite;;;;;;;;Surface.area.onsite;;;Surface.area.onsite
;prange;prange;prange;prange;;prange;prange;ptrapez;ptrapez;ptrapez;ptrapez;ptrapez;ptrapez;ptrapez;;;;;;;;;;;;;;;prange;;;;;;;;prange;;;prange
;lower=1,upper=10000;lower=1,upper=10000;lower=1,upper=10000;lower=1,upper=10000;;lower=1,upper=10000;lower=0.2,upper=10000;a=1,b=3,c=10000,d=10000;a=1,b=3,c=10000,d=10000;a=1,b=3,c=10000,d=10000;a=1.5,b=3,c=10000,d=10000;a=1.5,b=3,c=10000,d=10000;a=1.5,b=3,c=10000,d=10000;a=1,b=3,c=10000,d=10000;;;;;;;;;;;;;;;lower=0.3,upper=10000;;;;;;;;lower=0.2,upper=10000;;;lower=5,upper=10000
attr29;;;;;;;;;;;;;;;;;;;;;Surface.area.offsite;Surface.area.offsite;Surface.area.offsite;Surface.area.offsite;Surface.area.offsite;Surface.area.offsite;Surface.area.offsite;Surface.area.offsite;Surface.area.offsite;Surface.area.offsite;Surface.area.offsite;Surface.area.offsite;Surface.area.offsite;Surface.area.offsite;Surface.area.offsite;Surface.area.offsite;;Surface.area.offsite;Surface.area.offsite;
;;;;;;;;;;;;;;;;;;;;;pcat;pcat;pcat;pcat;pcat;pcat;pcat;pcat;pcat;pcat;pcat;pcat;pcat;pcat;pcat;pcat;;pcat;pcat;
;;;;;;;;;;;;;;;;;;;;;c(yes=1,medium=0.7,no=0.2);c(yes=1,medium=0.7,no=0.2);c(yes=1,medium=0.7,no=0.2);c(yes=1,medium=0.7,no=0.2);c(yes=1,medium=0.7,no=0.2);c(yes=1,medium=0.7,no=0.2);c(yes=1,medium=0.7,no=0.2);c(yes=1,medium=0.7,no=0.2);c(yes=1,medium=0.7,no=0.2);c(yes=1,medium=0.7,no=0.2);c(yes=1,medium=0.7,no=0.2);c(yes=1,medium=0.7,no=0.2);c(yes=1,medium=0.7,no=0.2);c(yes=1,medium=0.7,no=0.2);c(yes=1,medium=0.7,no=0.2);c(yes=1,medium=0.7,no=0.2);;c(yes=1,medium=0.7,no=0.2);c(yes=1,medium=0.7,no=0.2);
attr30;;;;;;;;;;;;;;;;;;;;;population.change.rate;population.change.rate;population.change.rate;population.change.rate;population.change.rate;population.change.rate;population.change.rate;population.change.rate;population.change.rate;population.change.rate;population.change.rate;population.change.rate;population.change.rate;population.change.rate;population.change.rate;population.change.rate;population.change.rate;population.change.rate;;population.change.rate
;;;;;;;;;;;;;;;;;;;;;prange;prange;prange;prange;prange;prange;prange;prange;prange;prange;prange;prange;prange;prange;prange;prange;prange;prange;;prange
;;;;;;;;;;;;;;;;;;;;;lower=-100,upper=150;lower=-100,upper=150;lower=-100,upper=150;lower=-100,upper=150;lower=-10,upper=150;lower=-10,upper=150;lower=-10,upper=150;lower=-100,upper=150;lower=-10,upper=150;lower=-50,upper=150;lower=-100,upper=150;lower=-100,upper=150;lower=-100,upper=150;lower=-100,upper=150;lower=-100,upper=150;lower=-100,upper=150;lower=-100,upper=150;lower=-100,upper=150;;lower=-100,upper=150
